year,sex,firstname,ranking,frequency,mother_age_mean,father_age_mean,mother_age_median,father_age_median,mother_age_stdev,father_age_stdev
2016,Boy,Aaron,19,240,29.5,32.2,29.5,31.5,5.5,6.5
2016,Boy,Adam,24,216,31.1,34.1,31.5,33.5,5.1,6.5
2016,Boy,Aidan,79,86,31.5,33.4,31.5,33,6.5,7.4
2016,Boy,Aiden,70,103,29.1,31.1,29.5,31.5,5.9,6.2
2016,Boy,Alex,89,75,30.3,33.5,30.5,33.5,5.3,6.4
2016,Boy,Alexander,8,302,31.8,34.9,32.5,34.5,5.3,7.1
2016,Boy,Alfie,15,257,29.1,32,28.5,31.5,5.9,6.4
2016,Boy,Andrew,46,135,30.6,33.6,31.5,33.5,6.2,7
2016,Boy,Angus,53,123,33.3,36.4,33.5,36.5,4.9,6.1
2016,Boy,Archie,21,228,30.6,33,30.5,32.5,5.4,6.8
2016,Boy,Arlo,91,73,30.3,32.8,30.5,32.5,4.7,5.7
2016,Boy,Arran,52,127,31.5,33.5,32.5,33.5,5.1,6
2016,Boy,Arthur,87,76,32,33,33,33.5,4.9,5.3
2016,Boy,Ben,62,107,32.8,35,33.5,35.5,4.5,5.9
2016,Boy,Benjamin,51,128,32.4,34.5,32.5,34.5,5.7,6
2016,Boy,Blair,81,83,31.6,34.1,31.5,34.5,4.7,5.7
2016,Boy,Blake,71,102,29.2,31.3,29.5,31.5,5.7,6.3
2016,Boy,Brodie,30,182,31.1,33.7,31.5,34,5.4,6.4
2016,Boy,Caleb,44,141,28.9,31.7,29.5,31.5,5.1,6
2016,Boy,Callan,100,68,31.6,33.8,32,33.5,5,5.6
2016,Boy,Callum,28,194,31.4,33.6,31.5,34.5,5.2,5.8
2016,Boy,Calum,85,80,32.5,34.9,33.5,34.5,5.3,6.6
2016,Boy,Calvin,82,82,28.4,31,28.5,31.5,5.8,7.3
2016,Boy,Cameron,31,181,32,34.4,31.5,34.5,5.1,6.3
2016,Boy,Carter,69,105,27.9,29.7,27.5,29.5,5.4,5.2
2016,Boy,Charlie,10,297,29.4,31.9,29.5,31.5,5.6,6.1
2016,Boy,Christopher,82,82,31.4,33.8,32,34.5,6.3,7.7
2016,Boy,Cody,92,72,27.8,30.4,27.5,31,6.1,7.2
2016,Boy,Cole,57,117,29.6,31.6,28.5,32.5,5.9,6.2
2016,Boy,Connor,41,146,29.8,32.2,29.5,32.5,5.2,6.6
2016,Boy,Conor,98,70,30.8,32.8,30.5,32.5,5.1,5.8
2016,Boy,Cooper,76,93,30.2,32.1,30.5,31.5,5.5,6.4
2016,Boy,Daniel,18,246,31.8,34.4,32.5,34.5,5.3,6.4
2016,Boy,David,54,122,29.9,32.5,30.5,31.5,5.7,7.3
2016,Boy,Dylan,35,158,30.9,33.2,31.5,32.5,5.3,6
2016,Boy,Elliot,87,76,30.7,34,32.5,35.5,6.1,7.2
2016,Boy,Ethan,15,257,31,33.3,31.5,33.5,5.7,6.7
2016,Boy,Euan,85,80,33.8,35.7,34,35.5,4.1,5.4
2016,Boy,Finlay,14,259,31.5,33.6,31.5,33.5,4.9,5.5
2016,Boy,Finn,34,166,32.9,35.3,33.5,35.5,5.1,6
2016,Boy,Fraser,78,87,33.6,35.4,33.5,35.5,4.3,5.1
2016,Boy,Freddie,72,101,28.6,31.1,28.5,31.5,5.2,5.9
2016,Boy,George,62,107,31.6,34.1,31.5,33.5,5,6.6
2016,Boy,Hamish,57,117,32.7,34.6,33.5,34.5,4.9,5.6
2016,Boy,Harris,13,274,31.3,33.3,31.5,32.5,5.1,6
2016,Boy,Harrison,32,180,29.9,32.5,30.5,32,6.2,6.7
2016,Boy,Harry,7,303,30.9,33,31.5,33.5,5.3,6.3
2016,Boy,Henry,92,72,31.7,33.9,32.5,33.5,4.9,5.4
2016,Boy,Hunter,99,69,28.7,31,28.5,30.5,4.6,6.2
2016,Boy,Isaac,54,122,30.2,32.5,30.5,32.5,5.9,6.3
2016,Boy,Jack,1,491,29.3,31.8,29.5,31.5,5.4,6.8
2016,Boy,Jackson,59,114,28.8,30.3,28.5,30.5,5.1,6.3
2016,Boy,Jacob,11,287,30,32.5,29.5,32.5,5.3,6.5
2016,Boy,Jake,73,99,30.1,33.2,29.5,32.5,5.9,7.1
2016,Boy,James,2,421,31.4,34.6,31.5,34.5,5.8,7.1
2016,Boy,Jamie,42,145,31.3,33.5,31.5,33,6,6.7
2016,Boy,Jaxon,40,151,27.7,29.3,27.5,28.5,5.6,5.7
2016,Boy,Jayden,75,94,27.9,30.9,27.5,30.5,6.4,8.4
2016,Boy,John,56,121,30.8,33.5,30.5,33.5,6.3,7.5
2016,Boy,Joseph,47,134,31.3,33.3,32.5,33.5,5.7,5.7
2016,Boy,Josh,96,71,31.1,32.7,30.5,32.5,5.5,6.4
2016,Boy,Joshua,27,196,30.7,33.1,31.5,32.5,5.5,6.2
2016,Boy,Jude,49,132,30.2,32.4,29.5,32.5,5,5.9
2016,Boy,Kai,62,107,28.3,30.3,27.5,29.5,5.9,6.5
2016,Boy,Kayden,96,71,26.5,29.1,25.5,29.5,6.3,7
2016,Boy,Kyle,67,106,29.7,31.8,29.5,31,5.8,6.9
2016,Boy,Lachlan,92,72,31.9,34.5,32,34.5,4.6,6.2
2016,Boy,Leo,9,299,29.1,31.4,29.5,31,5.9,6.7
2016,Boy,Leon,67,106,30.6,33.2,31,32.5,5.9,6.9
2016,Boy,Lewis,4,321,30.6,33.6,31.5,33.5,5.5,6.9
2016,Boy,Liam,37,154,30.4,32.9,31,33.5,6.2,7.3
2016,Boy,Logan,6,304,29.5,31.7,29.5,31.5,6.1,6.7
2016,Boy,Luca,62,107,30.6,32,30.5,31.5,5.3,6.6
2016,Boy,Lucas,12,285,29.2,31.6,28.5,31.5,6.1,7
2016,Boy,Luke,43,142,31.4,33.9,31.5,34.5,6,6.3
2016,Boy,Mason,17,256,27.6,30.4,26.5,29.5,5.9,7.1
2016,Boy,Matthew,22,227,31.7,33.9,31.5,33.5,5.6,6.3
2016,Boy,Max,20,230,31.1,33.4,31.5,33.5,5.9,6.4
2016,Boy,Michael,59,114,31.3,33.9,30.5,33.5,5.3,6.6
2016,Boy,Muhammad,47,134,31,34.5,30.5,33.5,5.2,5.9
2016,Boy,Murray,62,107,31.6,34.2,31.5,33.5,4.9,6.1
2016,Boy,Nathan,26,206,30.1,32.1,30.5,31.5,5,6
2016,Boy,Noah,5,307,28.8,30.8,29.5,30.5,5.1,5.8
2016,Boy,Oliver,3,393,30,32.3,30.5,32.5,5.7,6.2
2016,Boy,Ollie,38,153,28,30,27.5,29.5,5.1,6.7
2016,Boy,Oscar,29,183,28.9,31.5,29.5,31.5,6,6.8
2016,Boy,Owen,74,97,30.7,32.8,31.5,33.5,5.1,5.8
2016,Boy,Reuben,84,81,29.6,33.1,29.5,31.5,5.8,6.9
2016,Boy,Riley,36,157,26.5,29.3,26.5,28.5,6.4,7.4
2016,Boy,Robbie,92,72,29.7,32.8,29.5,31.5,5.7,8.7
2016,Boy,Robert,59,114,30.5,34.2,31.5,34.5,5.6,7.8
2016,Boy,Rory,25,211,31.1,33.3,31.5,33.5,5.1,6
2016,Boy,Ruaridh,76,93,32.5,34,32.5,33.5,5,5.4
2016,Boy,Ryan,49,132,30,33,29.5,33.5,5.8,7.4
2016,Boy,Sam,80,84,32.6,34.9,33.5,34.5,5.1,6.4
2016,Boy,Samuel,39,152,32.9,35.2,33.5,35.5,4.5,6.4
2016,Boy,Theo,45,140,29.6,31.8,30.5,32,5.6,6.6
2016,Boy,Thomas,23,225,31,33.5,31.5,33.5,5.5,6.5
2016,Boy,Tyler,100,68,27.2,29.8,26,28,7.1,8.6
2016,Boy,William,33,174,30.4,33.1,30.5,32.5,5.7,7.4
2016,Boy,Zac,90,74,30.9,32.8,30.5,31.5,4.8,5.9
2016,Girl,Abbie,64,83,30.6,33.8,30.5,33.5,4.9,5.3
2016,Girl,Abigail,49,96,32,33.2,33.5,32.5,4.9,5.9
2016,Girl,Alexandra,82,58,33,35.5,33.5,35.5,5.8,7.9
2016,Girl,Alice,46,106,31.7,33.7,31.5,33.5,5.7,5.9
2016,Girl,Amber,38,115,31.5,33.3,31.5,33.5,6,6.6
2016,Girl,Amelia,6,342,28.5,30.9,28.5,30.5,6,7.1
2016,Girl,Amy,58,89,32.2,34.4,32.5,34.5,5.3,5.2
2016,Girl,Anna,22,182,32.7,35,33,35.5,5.5,6.3
2016,Girl,Aria,12,251,28.2,30.5,28.5,29.5,5.3,5.8
2016,Girl,Ariana,94,50,29.5,32.5,30,32.5,5.5,7.8
2016,Girl,Arianna,82,58,28.7,30.9,28.5,32,6.4,7.7
2016,Girl,Arya,98,48,28.8,30.6,28.5,30.5,4.9,5.8
2016,Girl,Ava,5,360,29,31.6,29.5,31.5,6.2,6.7
2016,Girl,Ayla,77,65,29.8,32.6,29.5,32.5,5.9,7.1
2016,Girl,Bella,87,55,29.4,30.7,29.5,31,6.1,5.7
2016,Girl,Brooke,66,79,27.3,29.3,26.5,28.5,6.1,6.5
2016,Girl,Cara,73,71,32.4,34.9,33.5,35.5,5.7,6.7
2016,Girl,Charlotte,10,265,31.1,33.7,31.5,33.5,6.1,6.7
2016,Girl,Chloe,18,201,31.2,33.1,31.5,33.5,5.4,5.5
2016,Girl,Daisy,45,109,30.3,32.5,30.5,32.5,6.2,7.2
2016,Girl,Eilidh,21,184,32.5,34.6,32.5,34.5,5.1,5.5
2016,Girl,Elizabeth,62,85,31.8,34.8,31.5,34.5,5.5,6.7
2016,Girl,Ella,8,285,28.9,31.5,29.5,30.5,5.9,7.2
2016,Girl,Ellie,12,251,28.4,30.7,28.5,30.5,5.2,6.4
2016,Girl,Elsie,89,54,30.9,32.1,30.5,30.5,4.6,6.2
2016,Girl,Emilia,43,110,30.7,32.8,30.5,32.5,5,5.1
2016,Girl,Emily,2,522,30.6,33,30.5,32.5,5.5,6.7
2016,Girl,Emma,19,194,31.8,34.1,32.5,34.5,4.8,5.6
2016,Girl,Erin,26,156,31.9,33.7,32.5,33.5,4.9,5.8
2016,Girl,Esme,50,95,30.8,32.8,30.5,32.5,5.9,6.7
2016,Girl,Eva,25,171,30.9,33.3,31.5,33.5,5.1,5.9
2016,Girl,Eve,87,55,32.1,34.1,32.5,35,5,5.6
2016,Girl,Evie,17,210,31.3,33.4,31.5,33.5,5.3,5.6
2016,Girl,Florence,89,54,34.2,37,33,36.5,5.3,6.6
2016,Girl,Freya,15,245,30.2,32.8,30.5,32.5,5.8,6.9
2016,Girl,Georgia,32,131,31.5,33.9,31.5,33.5,4.4,6
2016,Girl,Grace,11,257,31.2,33.6,31.5,32.5,5.7,6.7
2016,Girl,Gracie,67,78,29.7,32.3,29.5,31.5,5.3,5.7
2016,Girl,Hanna,97,49,30.9,32.9,30.5,33,4.4,5.5
2016,Girl,Hannah,24,176,31.3,33.5,31.5,32.5,5.4,6.3
2016,Girl,Harper,30,142,28,29.7,27.5,29.5,4.9,5.5
2016,Girl,Heidi,98,48,30.6,32.2,30,31.5,4.9,5.4
2016,Girl,Hollie,58,89,27.8,29.3,27.5,27.5,5.6,7
2016,Girl,Holly,31,132,31.9,34.2,32.5,34,5.4,6.4
2016,Girl,Hope,84,56,30.3,34.3,31,34.5,7,7.8
2016,Girl,Imogen,56,91,31,33,31.5,32.5,5.6,6.7
2016,Girl,Iona,75,67,34,37.4,33.5,35.5,3.6,6
2016,Girl,Isabella,34,126,31.6,35,31.5,34.5,5,7.4
2016,Girl,Isla,4,391,31.3,33.8,31.5,32.5,5.6,6.8
2016,Girl,Ivy,54,93,29.3,31.5,29.5,31.5,5.5,6.3
2016,Girl,Jessica,7,309,30.4,32.7,30.5,32.5,5.3,5.8
2016,Girl,Julia,79,63,30.9,33.3,31.5,33.5,5.8,6.7
2016,Girl,Katie,34,126,31.2,33.2,32.5,33.5,5.1,5.7
2016,Girl,Kayla,81,60,30,31.3,30,31.5,6.6,7.2
2016,Girl,Lacey,55,92,27.5,29.9,26.5,29.5,5.6,6.1
2016,Girl,Lauren,98,48,33.6,36.3,34.5,37,5.2,6.4
2016,Girl,Layla,27,152,27.6,30.2,27.5,29.5,5.4,6.5
2016,Girl,Leah,48,98,27.6,29.8,26.5,28.5,5.5,6.5
2016,Girl,Lexi,58,89,27.7,29.9,27.5,30.5,5.6,6.7
2016,Girl,Lillie,89,54,26,27.3,25.5,26.5,5,5.1
2016,Girl,Lilly,47,102,26.7,29,26.5,28.5,5.7,6.5
2016,Girl,Lily,12,251,29.7,32.1,29.5,31.5,5.5,6.5
2016,Girl,Lola,72,72,29.1,31.9,29.5,31.5,5.7,6.4
2016,Girl,Lucy,9,279,31,33.2,31.5,32.5,5.3,6.8
2016,Girl,Madison,93,51,28.4,31,28.5,31.5,5.7,6.6
2016,Girl,Maisie,33,129,30.7,33,30.5,32.5,5.2,6.5
2016,Girl,Maria,92,53,31,34.4,31.5,33.5,5.1,6.7
2016,Girl,Matilda,94,50,33.7,36.1,33.5,35.5,4.6,6.1
2016,Girl,Maya,57,90,30.7,34.1,30.5,33.5,6.7,7.1
2016,Girl,Megan,76,66,33,35.5,32.5,34,4.4,5.2
2016,Girl,Mia,22,182,29.6,31,30.5,31,5.8,6.7
2016,Girl,Mila,70,73,29.5,31.7,28.5,31.5,5.8,6.3
2016,Girl,Millie,20,192,29,31.2,29.5,30.5,5.8,6.4
2016,Girl,Molly,65,81,31.6,33.6,31.5,33.5,5.5,6.5
2016,Girl,Mya,80,62,28.8,32.1,27.5,32.5,5.8,6.7
2016,Girl,Niamh,50,95,30.7,34.1,30.5,33.5,4.7,7.1
2016,Girl,Olivia,1,529,29.2,31.9,29.5,31.5,5.7,6.8
2016,Girl,Orla,29,144,31,33,31.5,32.5,5.9,7.2
2016,Girl,Paige,78,64,29.5,31.9,29.5,30.5,5.3,6.3
2016,Girl,Phoebe,73,71,30.9,32.7,31.5,32.5,5.3,6
2016,Girl,Poppy,43,110,29.6,32.9,29.5,31.5,6,7.7
2016,Girl,Quinn,84,56,30,31.1,29.5,32.5,5.3,4.2
2016,Girl,Rebecca,50,95,32.8,34.1,32.5,34.5,5.1,6.2
2016,Girl,Robyn,37,116,31.4,33.1,31.5,33.5,5.2,6
2016,Girl,Rose,70,73,30.5,32.9,30.5,31.5,5.8,6.3
2016,Girl,Rosie,41,111,30.3,32.6,30.5,31.5,5,6.3
2016,Girl,Ruby,28,146,30.3,33.5,31.5,32.5,6.1,7
2016,Girl,Sarah,68,76,32.5,34.7,33.5,34.5,5.9,7
2016,Girl,Scarlett,53,94,29.7,32.2,29.5,31.5,5.9,6.9
2016,Girl,Sienna,68,76,30.1,32.3,29.5,31.5,4.8,6.1
2016,Girl,Skye,39,114,30.6,31.9,31.5,31.5,5.7,6.4
2016,Girl,Sofia,41,111,30.7,34.1,30.5,33.5,5.3,6.2
2016,Girl,Sophia,16,223,28.9,32.1,29.5,31.5,5.5,7.1
2016,Girl,Sophie,3,416,30.5,32.8,30.5,32.5,5.1,6
2016,Girl,Summer,84,56,29.7,31.9,29.5,32.5,5.6,5.8
2016,Girl,Thea,61,86,30.4,32,30.5,31.5,5.2,6.1
2016,Girl,Violet,94,50,31.8,32.6,31,30.5,5.3,6.5
2016,Girl,Willow,62,85,29.9,33.2,30.5,32.5,4.9,6
2016,Girl,Zara,40,113,31.5,34.4,32.5,34.5,5.9,6.5
2016,Girl,Zoe,36,118,32.7,35.1,32.5,35.5,4.7,5.9
2017,Boy,Aaron,15,236,30.3,32.5,30.5,32.5,5.5,6.1
2017,Boy,Adam,22,208,32.3,34.8,32.5,34.5,5.1,6.1
2017,Boy,Aidan,83,73,31.5,33.8,31.5,33.5,6,6.9
2017,Boy,Aiden,70,92,29.7,32,29.5,31.5,5.9,6.9
2017,Boy,Alexander,8,297,32.2,35.3,32.5,35.5,5.5,7.1
2017,Boy,Alfie,11,275,29.2,31.4,29.5,30.5,5.3,6.2
2017,Boy,Andrew,50,118,31.2,34.6,31.5,33.5,5.6,8.1
2017,Boy,Angus,47,125,32.6,34.8,32.5,34.5,4.9,5.5
2017,Boy,Archie,20,228,30.6,33,30.5,32.5,5.9,6.7
2017,Boy,Arlo,61,102,30.4,32.7,30.5,31.5,5.6,6.8
2017,Boy,Arran,59,105,31.2,33.8,31.5,34,4.7,5.7
2017,Boy,Arthur,89,67,32.2,34.2,33.5,34.5,4.7,5.2
2017,Boy,Ben,79,80,32,34.9,32.5,35.5,5,6.1
2017,Boy,Benjamin,55,106,33.1,35.1,33.5,35.5,4.3,5.3
2017,Boy,Blair,77,81,31.1,33.4,30.5,32.5,4.4,6.5
2017,Boy,Blake,55,106,28.5,30.6,29.5,30.5,5.5,6.4
2017,Boy,Brodie,32,170,31.8,33.7,32.5,33.5,5,5.7
2017,Boy,Caleb,37,139,29.3,32,28.5,31.5,5.9,7
2017,Boy,Callum,34,160,31.5,34.4,32.5,33.5,4.8,6.1
2017,Boy,Calvin,94,63,27.5,29.4,27.5,28.5,6,6.9
2017,Boy,Cameron,23,205,31.5,34,31.5,33.5,5.4,5.9
2017,Boy,Carson,91,66,27.5,29.4,27.5,28.5,6.1,6.6
2017,Boy,Carter,69,95,28.9,30.6,28.5,29.5,5.6,7
2017,Boy,Charlie,14,257,30.3,32,30.5,31.5,5.4,6.2
2017,Boy,Cody,97,62,27.6,30.7,27.5,30,5.8,5.9
2017,Boy,Cole,54,109,29,31,28.5,30.5,5.8,6.8
2017,Boy,Connor,49,123,30.7,32.9,29.5,32.5,5.5,6.2
2017,Boy,Conor,94,63,30.7,33.6,30.5,32.5,6.1,6.6
2017,Boy,Cooper,53,110,29.2,32,29.5,31.5,5.2,6.3
2017,Boy,Daniel,21,217,31.2,33.9,31.5,34,5.9,6.9
2017,Boy,David,55,106,29.9,33,29.5,31.5,6.3,7.6
2017,Boy,Dylan,52,113,31.6,34.2,31.5,33.5,5.5,6.9
2017,Boy,Elliot,81,76,31.6,33.6,31.5,32.5,5.4,6.7
2017,Boy,Ethan,26,197,31.7,33.6,32.5,33.5,5.7,6
2017,Boy,Finlay,12,262,31.9,33.8,32,33.5,5.3,5.5
2017,Boy,Finn,25,199,32.2,34.3,32.5,33.5,4.6,5.8
2017,Boy,Fraser,73,90,33.4,34.6,33.5,34.5,4.7,5.5
2017,Boy,Freddie,45,126,28,30.1,28,29.5,4.9,5.5
2017,Boy,George,55,106,30.9,34.4,31,33.5,5.1,7.5
2017,Boy,Hamish,63,101,33.5,36.4,33.5,35.5,4.1,6.2
2017,Boy,Harris,7,298,31.3,33.7,31.5,33.5,4.8,6
2017,Boy,Harrison,35,156,30.2,32.8,30.5,32.5,5.9,6.5
2017,Boy,Harry,10,282,30.2,32.7,29.5,32.5,5.3,6.5
2017,Boy,Henry,97,62,33,34.8,33.5,34.5,4.4,5.2
2017,Boy,Hunter,68,96,27.5,30,26.5,29.5,5.7,7.1
2017,Boy,Innes,89,67,34.3,35.5,34.5,35.5,4.7,5.6
2017,Boy,Isaac,45,126,30.8,33.3,30.5,32.5,5.7,5.9
2017,Boy,Jack,1,486,30.3,32.5,30.5,32.5,5.2,6.3
2017,Boy,Jackson,60,104,28.8,30.3,28.5,30.5,4.9,5.5
2017,Boy,Jacob,13,258,29.2,31.3,29.5,30.5,5.8,6.2
2017,Boy,Jake,91,66,29.9,32.9,29.5,30.5,5,6.9
2017,Boy,James,3,368,31.5,34,31.5,33.5,5.5,6.6
2017,Boy,Jamie,40,134,31.8,34.4,31.5,34.5,5.7,6.6
2017,Boy,Jax,85,70,28.7,29.8,28.5,29.5,4.9,5.9
2017,Boy,Jaxon,43,127,28.4,30.6,28.5,30.5,5.3,6.1
2017,Boy,Jayden,80,77,28.5,31.2,29.5,29.5,6.5,8.2
2017,Boy,John,63,101,31.3,35.4,31.5,35.5,6.2,7.6
2017,Boy,Joseph,61,102,30.7,33.3,31.5,33.5,6,7.1
2017,Boy,Josh,82,75,31,34,30.5,32.5,4.9,5.7
2017,Boy,Joshua,31,173,31,33.4,31.5,33.5,5.2,6.4
2017,Boy,Jude,38,135,31.2,33.7,31.5,33.5,4.8,6.1
2017,Boy,Kai,65,99,28.1,30.9,27.5,30.5,6,6.4
2017,Boy,Kyle,70,92,29.4,32.5,29.5,32.5,5.7,7.5
2017,Boy,Lachlan,91,66,31.3,33.6,32,33.5,5.8,5.8
2017,Boy,Leo,9,289,29,30.9,29.5,31.5,6.1,6.2
2017,Boy,Leon,76,87,28.8,31,29.5,30.5,5.8,6.2
2017,Boy,Lewis,4,355,30.9,32.9,30.5,32.5,5.4,6.3
2017,Boy,Liam,42,131,30.6,32.6,30.5,33.5,6,6.8
2017,Boy,Logan,5,324,28.9,31.6,28.5,30.5,6.1,7.1
2017,Boy,Lucas,16,235,28,30.7,27.5,30.5,6.1,7
2017,Boy,Luke,43,127,31.9,34,32.5,34.5,5.6,6.7
2017,Boy,Mason,18,231,27.3,30.1,26.5,29.5,5.9,6.8
2017,Boy,Matthew,27,189,31.9,33.2,31.5,33.5,4.8,5.9
2017,Boy,Max,24,203,31,33.2,31.5,32.5,5.5,6.1
2017,Boy,Michael,66,98,30.7,34.2,30.5,33.5,5.3,7.5
2017,Boy,Mohammed,94,63,31.5,36.1,31.5,34.5,5.9,7.9
2017,Boy,Muhammad,36,145,30.6,35.1,30.5,34.5,5.2,6.2
2017,Boy,Murray,75,89,31.6,33.7,31.5,33.5,4,5.2
2017,Boy,Nathan,29,178,30.5,32.1,30.5,32.5,5.3,5.5
2017,Boy,Noah,6,318,30,32.3,30.5,32.5,5.9,6.6
2017,Boy,Oliver,2,380,30.4,32.8,30.5,32.5,5.5,6.2
2017,Boy,Ollie,40,134,28.2,30.1,27.5,29.5,5.5,6
2017,Boy,Oscar,30,177,29.9,32.1,30.5,32.5,5.7,6.6
2017,Boy,Owen,73,90,31.1,33.7,31.5,34.5,5.6,6.2
2017,Boy,Reuben,77,81,30.7,32.8,30.5,31.5,5,6.6
2017,Boy,Riley,47,125,27,30.6,27.5,30.5,6.2,7
2017,Boy,Robbie,88,69,30.9,32.8,31.5,33.5,5.7,5.9
2017,Boy,Robert,67,97,30.8,33.5,31.5,33.5,5.9,6.5
2017,Boy,Rory,17,234,30.7,33,31.5,33.5,5.6,5.8
2017,Boy,Ruairidh,97,62,32,35.5,31.5,34.5,5,6.7
2017,Boy,Ruaridh,70,92,32.1,34.3,33.5,34.5,5.6,6.3
2017,Boy,Ryan,51,117,30.9,33.6,31.5,33.5,5.3,7
2017,Boy,Sam,85,70,32.5,34.7,33.5,33.5,5.5,6.8
2017,Boy,Samuel,38,135,32.9,35.3,33.5,34.5,5.7,6.7
2017,Boy,Sonny,85,70,31.4,34.2,31.5,34.5,5.1,5.7
2017,Boy,Struan,97,62,33.5,34.9,33.5,35,5,5.8
2017,Boy,Theo,28,187,30.2,32.1,30.5,31.5,5.6,6.4
2017,Boy,Thomas,19,229,30.5,32.9,30.5,32.5,6,6.6
2017,Boy,Tyler,84,71,27.4,29.1,25.5,27.5,6.4,7.8
2017,Boy,William,33,164,30.7,33.5,31.5,32.5,6,6.9
2017,Boy,Zac,97,62,28.6,30.3,28.5,30.5,5.2,5
2017,Girl,Abbie,85,52,29.7,31.8,30,31.5,4.8,4.8
2017,Girl,Abigail,53,93,30.5,34.1,31.5,33.5,4.8,6.6
2017,Girl,Alice,43,113,32.2,33.5,32.5,33.5,4.8,5.6
2017,Girl,Amber,38,120,31.1,33.2,31.5,33.5,5,6.3
2017,Girl,Amelia,5,321,28.8,31.8,28.5,31.5,5.3,6.6
2017,Girl,Amy,71,61,32.9,34.7,33.5,35.5,4.8,5.6
2017,Girl,Anna,26,154,32.8,35.5,33.5,35.5,4.5,6.1
2017,Girl,Aria,10,254,28.2,30.3,27.5,29.5,5.9,6.6
2017,Girl,Arya,98,47,29.9,34.1,30.5,35,5.6,6.1
2017,Girl,Aurora,96,48,29.9,32.9,30.5,32.5,4.3,6.9
2017,Girl,Ava,7,294,29.6,31.6,29.5,31.5,5.9,6.5
2017,Girl,Ayla,62,72,28.7,31.5,28,30.5,5.3,7.6
2017,Girl,Bella,64,70,29.1,31.6,28,29.5,5,6.3
2017,Girl,Brooke,88,50,27.9,30.3,27,29.5,6,6.3
2017,Girl,Callie,88,50,27.3,30.6,26.5,30.5,4.8,5.9
2017,Girl,Cara,94,49,33.4,35.6,32.5,35.5,5.2,5.5
2017,Girl,Charlotte,9,280,30.8,33.6,31,32.5,5.7,6.9
2017,Girl,Chloe,22,174,31.9,33.7,31.5,33.5,4.7,5.5
2017,Girl,Clara,98,47,31.9,35.2,32.5,35.5,4.6,5.4
2017,Girl,Daisy,42,116,30.6,34.4,31,34.5,6,6.4
2017,Girl,Eilidh,21,178,32.3,34.4,32.5,33.5,5,6
2017,Girl,Elizabeth,80,57,32.5,34.8,32.5,33.5,4.5,5.4
2017,Girl,Ella,8,290,30.3,32.3,30.5,31.5,5.7,6.5
2017,Girl,Ellie,15,228,29,31.2,28.5,30.5,5.6,6.1
2017,Girl,Elsie,71,61,30.5,33.4,30.5,33.5,5.5,6.5
2017,Girl,Emilia,49,99,30.5,32.8,31.5,32.5,4.9,5.9
2017,Girl,Emily,2,460,30.6,32.9,30.5,32.5,5.4,6.5
2017,Girl,Emma,24,167,33.1,35.1,33.5,34.5,5.1,5.7
2017,Girl,Erin,34,135,33,35,33.5,35.5,5,5.6
2017,Girl,Esme,46,104,30.5,33.2,30.5,33.5,5.4,6.3
2017,Girl,Eva,25,157,30.8,33.1,31.5,33.5,5.4,5.9
2017,Girl,Evie,16,216,30.6,32.7,30.5,32.5,5.6,6.2
2017,Girl,Freya,14,235,31.4,33.2,31.5,33.5,5.6,6
2017,Girl,Georgia,37,126,31.2,33.4,31.5,32.5,5.3,6.2
2017,Girl,Georgie,96,48,30.8,32.7,30,31.5,4.7,5.6
2017,Girl,Grace,13,240,30.9,33.2,31.5,32.5,5.5,6.5
2017,Girl,Gracie,66,67,28.3,30.8,27.5,30.5,5.5,6.8
2017,Girl,Hallie,71,61,27.1,28.8,26.5,28.5,4.3,5.1
2017,Girl,Hannah,19,199,32,34.4,32.5,34.5,5.3,6.8
2017,Girl,Harley,68,64,27.4,29.6,26,29.5,5.5,5.6
2017,Girl,Harper,18,203,28.5,31.3,28.5,30.5,5.2,6.4
2017,Girl,Heidi,98,47,30.7,32.7,31.5,32.5,6.7,7.2
2017,Girl,Hollie,70,63,28.8,31.1,28.5,30.5,5.5,5.4
2017,Girl,Holly,31,140,31.4,34.2,31,34.5,5.4,6.7
2017,Girl,Imogen,80,57,32.2,34,32.5,34.5,5.3,6.2
2017,Girl,Iona,82,56,33.1,35.4,33.5,34.5,4.9,5.8
2017,Girl,Isabella,35,133,31.5,33.9,31.5,33.5,5.8,6.5
2017,Girl,Isla,3,395,30.9,33.5,31.5,33.5,5.2,6.3
2017,Girl,Ivy,58,82,29.2,30.7,28.5,30.5,5.2,4.7
2017,Girl,Jessica,6,318,31,32.9,31.5,32.5,5.1,5.6
2017,Girl,Julia,87,51,30.3,33.5,29.5,32.5,5.1,7.1
2017,Girl,Katie,40,119,31.8,34.1,32.5,34,5.1,5.8
2017,Girl,Lacey,61,74,27.3,30.1,27.5,29.5,5.6,5.8
2017,Girl,Layla,32,137,27.7,29.2,27.5,29.5,5.8,6.3
2017,Girl,Leah,58,82,29.7,31.6,29.5,30.5,6.1,7.5
2017,Girl,Lexi,53,93,29.4,31.8,30.5,31.5,6.4,6.9
2017,Girl,Lillie,75,60,26.5,28.8,26,28.5,5.2,5.8
2017,Girl,Lilly,50,98,28.4,31.4,28.5,29.5,5.9,8.4
2017,Girl,Lily,12,244,29.3,31.2,28.5,30.5,5.7,6.7
2017,Girl,Lola,88,50,28.9,30.5,29.5,29.5,5.5,5.4
2017,Girl,Lucy,11,248,31.7,33.7,32,33.5,5.1,5.7
2017,Girl,Luna,78,58,29.2,31.3,28.5,30.5,5.2,7.6
2017,Girl,Maisie,30,142,31.2,33.8,31.5,33.5,5.5,6.4
2017,Girl,Maria,68,64,31.6,34,31.5,32.5,5.2,6.3
2017,Girl,Matilda,78,58,32.6,35.1,33.5,35,4.7,5.5
2017,Girl,Maya,47,101,31,33.6,32.5,33.5,5.6,6
2017,Girl,Megan,76,59,32.8,35.5,33.5,34.5,4.1,5.6
2017,Girl,Mia,23,170,29.1,31.4,28.5,30.5,6.1,6.7
2017,Girl,Mila,52,97,29,31.2,28.5,30.5,5,5.7
2017,Girl,Millie,20,192,28.6,30.8,27.5,30.5,5.6,6.4
2017,Girl,Molly,55,92,31.7,33.7,31.5,33.5,4.6,6
2017,Girl,Mya,83,53,28.4,31.3,27.5,30.5,6.3,7.7
2017,Girl,Niamh,60,77,30.9,33.4,31.5,33.5,5.8,7
2017,Girl,Nina,94,49,33.8,36.2,33.5,35.5,4.4,5.3
2017,Girl,Olivia,1,512,29.2,31.7,29,31.5,5.7,6.7
2017,Girl,Orla,27,150,30.8,32.8,31.5,32.5,5.7,6.7
2017,Girl,Paige,76,59,29.4,31.9,29.5,32.5,4.7,4.8
2017,Girl,Penelope,88,50,29.1,32.1,28.5,31.5,5,5.7
2017,Girl,Phoebe,57,83,32.4,34.3,32.5,33.5,4.6,6
2017,Girl,Poppy,29,144,30.7,33.5,31.5,33.5,5.9,6.7
2017,Girl,Rachel,88,50,32.4,35.4,33.5,36,5.3,6
2017,Girl,Rebecca,63,71,32.9,34.8,33.5,34.5,4.9,4.9
2017,Girl,Robyn,50,98,32,34,32.5,33.5,5,6.4
2017,Girl,Rose,65,69,32.1,33.8,32.5,33.5,5.1,5.1
2017,Girl,Rosie,40,119,31.7,33.8,31.5,33.5,5.4,6.8
2017,Girl,Ruby,28,146,30.2,32.3,31.5,32.5,5.5,6.6
2017,Girl,Sadie,85,52,33.2,34.9,33.5,34.5,5,5.1
2017,Girl,Sarah,83,53,33,34.7,33.5,33.5,4.7,5.2
2017,Girl,Scarlett,67,66,29.6,32.9,29.5,31.5,6.2,7.9
2017,Girl,Sienna,33,136,32.1,34.1,32.5,33.5,5,6.2
2017,Girl,Skye,38,120,30.8,32.5,31.5,31.5,5.2,5.7
2017,Girl,Sofia,43,113,30.4,32.7,30.5,32.5,6.3,7
2017,Girl,Sophia,16,216,29.7,32.4,29.5,31.5,5.8,7.7
2017,Girl,Sophie,4,370,30.9,33.3,31.5,33.5,5.3,6.5
2017,Girl,Summer,71,61,30.5,33.1,31.5,32.5,6.2,7.9
2017,Girl,Thea,56,88,31.5,32.8,32.5,32.5,5.3,5.8
2017,Girl,Violet,88,50,30.9,33.1,30.5,32.5,4.3,4.5
2017,Girl,Willow,45,111,30.2,32.7,29.5,31.5,5.3,6.4
2017,Girl,Zara,36,127,31.2,33.5,31.5,32.5,5.9,7.2
2017,Girl,Zoe,48,100,32.3,34.8,32.5,34.5,4.5,5
2018,Boy,Aaron,31,157,30.7,32.8,31.5,31.5,5.6,6.6
2018,Boy,Adam,21,201,32.1,34.8,31.5,34.5,4.7,5.1
2018,Boy,Aidan,71,94,32.4,34.3,33.5,33.5,5.5,6.7
2018,Boy,Aiden,97,62,30.3,32.4,30.5,31.5,5.7,6.4
2018,Boy,Alex,85,70,30.6,33.1,30.5,32.5,4.8,5.3
2018,Boy,Alexander,7,294,31.9,34,32.5,33.5,5.2,6.7
2018,Boy,Alfie,16,249,29.4,31.9,28.5,31.5,5.6,6.7
2018,Boy,Andrew,62,103,32.1,34.9,31.5,34.5,6.5,7.8
2018,Boy,Angus,49,116,32.5,33.8,32.5,34,4.9,5.1
2018,Boy,Archie,17,243,30.2,32.7,30.5,32.5,5.3,5.8
2018,Boy,Arlo,56,107,30.9,33,30.5,32.5,5.3,6.7
2018,Boy,Arran,47,118,31.5,33.8,31.5,32.5,4.8,5.8
2018,Boy,Arthur,46,123,31.2,33.5,31.5,33.5,5.1,5.5
2018,Boy,Ben,75,88,32.4,34.6,32.5,35,4.3,5.1
2018,Boy,Benjamin,71,94,32.5,35,32.5,34.5,4.8,6
2018,Boy,Blair,73,93,31.7,34.3,32.5,34.5,5.4,5.4
2018,Boy,Blake,54,109,29.1,31.6,29.5,30.5,6.2,7.5
2018,Boy,Brodie,25,192,31.1,33.1,32.5,33,5.5,5.7
2018,Boy,Caleb,41,138,29.1,32.2,28.5,31.5,5.7,6.4
2018,Boy,Callan,82,72,30.8,32.7,31.5,32.5,5.6,6.2
2018,Boy,Callum,32,156,33,35,33.5,34.5,5.4,6.3
2018,Boy,Cameron,28,175,32,33.8,32.5,33.5,4.9,6.1
2018,Boy,Carter,50,113,27.4,29.7,25.5,29.5,6,7
2018,Boy,Charlie,11,262,29.8,32.2,30.5,31.5,5.5,6.2
2018,Boy,Cole,60,104,29.1,31.5,29.5,31.5,4.9,6
2018,Boy,Connor,50,113,31.1,32.7,31.5,32.5,5.2,5.9
2018,Boy,Cooper,81,74,30.4,32.8,30.5,32,5,6.5
2018,Boy,Daniel,21,201,31.9,34.6,32.5,34.5,5.3,6.4
2018,Boy,David,63,102,30,35,29.5,33.5,5.5,6.6
2018,Boy,Dylan,50,113,31.6,33.6,32.5,33.5,5.6,5.9
2018,Boy,Elijah,82,72,28.6,30.3,28.5,30.5,6.5,6.6
2018,Boy,Elliot,93,65,31.5,34.7,32.5,33.5,5.9,7.1
2018,Boy,Ethan,23,196,31.4,34.3,32.5,34.5,5.9,6.6
2018,Boy,Finlay,19,218,32.2,33.8,32.5,33.5,5.3,5.9
2018,Boy,Finn,20,208,31.7,34.7,32.5,34.5,4.9,5.9
2018,Boy,Frankie,97,62,30.8,32.3,31.5,31.5,4.4,5.4
2018,Boy,Fraser,64,100,32.1,34.9,32.5,35.5,4.7,5.4
2018,Boy,Freddie,38,145,29.8,31.8,29.5,30.5,5.5,6
2018,Boy,Gabriel,97,62,32.8,35.2,34,34.5,5.3,6.5
2018,Boy,George,53,110,30.3,32.7,30,31.5,5.2,6.1
2018,Boy,Grayson,80,75,28.9,31,29.5,31.5,6.1,6
2018,Boy,Hamish,58,106,33.2,34.9,32.5,34.5,5.1,5.9
2018,Boy,Harris,8,293,31.5,33.8,31.5,33.5,5.1,5.9
2018,Boy,Harrison,37,146,29.6,32.5,29.5,31.5,6.1,7.5
2018,Boy,Harry,11,262,30.8,33,30.5,32.5,5.3,6.7
2018,Boy,Henry,92,67,33.3,36.3,33.5,35.5,4.4,6.2
2018,Boy,Hunter,30,161,27.7,30.2,27.5,29.5,5.5,6.6
2018,Boy,Innes,85,70,33.7,36,34.5,36.5,4.6,4.6
2018,Boy,Isaac,67,99,31.4,33.5,32.5,33.5,5.7,7
2018,Boy,Jack,1,422,30.9,32.5,30.5,31.5,5.3,5.9
2018,Boy,Jackson,59,105,28.9,32.3,28.5,32.5,5.4,6.4
2018,Boy,Jacob,14,251,29.8,32.4,29.5,32,5.4,6.6
2018,Boy,Jake,82,72,30.6,33.4,30.5,33,4.8,6.1
2018,Boy,James,3,323,30.8,33.4,30.5,32.5,5.4,6.4
2018,Boy,Jamie,40,144,31.3,33.2,31.5,33.5,5.4,5.3
2018,Boy,Jax,100,61,28.7,31.2,28.5,29.5,4.9,7.1
2018,Boy,Jaxon,36,150,28.8,30.8,29.5,30.5,5.3,6.6
2018,Boy,Jayden,95,64,28.1,31.1,28.5,31.5,6.3,8.4
2018,Boy,John,76,85,30.1,33.6,29.5,33.5,6,7.3
2018,Boy,Joseph,64,100,31.8,33.7,32,33.5,6,7
2018,Boy,Josh,77,82,29.4,32.2,29.5,31.5,4.8,5.5
2018,Boy,Joshua,26,183,31.3,33.4,30.5,32.5,5.1,6.6
2018,Boy,Jude,45,125,31.8,33.6,32.5,34,4.6,5.3
2018,Boy,Kai,64,100,28.5,31.5,28.5,31.5,6.1,6.9
2018,Boy,Kayden,95,64,26,29.2,24.5,26,6.2,8.2
2018,Boy,Leo,5,300,30,32.1,30,31.5,5.9,6.6
2018,Boy,Leon,70,95,29.7,32,29.5,31.5,5.8,6.4
2018,Boy,Lewis,6,298,31.3,33.9,31.5,33.5,5,6.3
2018,Boy,Liam,34,151,30.5,33,31.5,32.5,5.4,6.3
2018,Boy,Logan,4,307,29,31.1,29.5,31,5.8,6.6
2018,Boy,Louis,85,70,31.1,34,30.5,34,5.2,7.1
2018,Boy,Luca,48,117,31.2,33.2,31.5,33.5,5.8,6.7
2018,Boy,Lucas,13,261,28.8,31.6,28.5,31.5,5.9,6.5
2018,Boy,Luke,43,134,31.1,33.1,31.5,32.5,5.6,6.4
2018,Boy,Lyle,93,65,27.2,29.9,26.5,29.5,4.9,5.7
2018,Boy,Mason,24,193,27.3,29.8,27.5,29.5,5.9,6.1
2018,Boy,Matthew,34,151,31.2,33.7,31.5,33.5,5.7,6.6
2018,Boy,Max,18,219,31.8,34.3,31.5,34.5,4.8,5.4
2018,Boy,Michael,68,97,32.1,35.7,31.5,35.5,6.2,8.3
2018,Boy,Muhammad,44,133,31.3,35,30.5,34.5,4.9,6.3
2018,Boy,Murray,77,82,32.5,35,32.5,34,5,6.9
2018,Boy,Nathan,42,135,30.9,33.4,31.5,32.5,5.2,6.7
2018,Boy,Noah,9,284,29.7,32.4,29.5,32.5,5.9,6.6
2018,Boy,Oliver,2,330,29.5,31.8,29.5,31.5,5.5,6.4
2018,Boy,Ollie,38,145,28.1,30.2,28.5,30.5,5,5.2
2018,Boy,Oscar,29,174,31.2,33.5,31.5,33.5,5.7,6.2
2018,Boy,Owen,89,68,31.6,32.8,31.5,32.5,4.9,5
2018,Boy,Reuben,69,96,30.5,33,30.5,32.5,5.6,5.8
2018,Boy,Riley,74,91,26.5,28.4,25.5,27.5,6.1,6.1
2018,Boy,Robert,54,109,31.3,34.3,31.5,33.5,6.1,7.3
2018,Boy,Rory,10,280,31.2,33.4,31.5,33.5,4.9,5.9
2018,Boy,Ruaridh,85,70,32.5,33.5,32.5,32.5,4.6,5.5
2018,Boy,Ryan,60,104,32,33.8,32.5,33.5,5.4,6.2
2018,Boy,Sam,79,80,33.1,35.1,33.5,35.5,5.7,7.1
2018,Boy,Samuel,56,107,33.3,35.8,33.5,35.5,5,6.2
2018,Boy,Theo,27,177,30,32,30.5,31.5,6.3,6.7
2018,Boy,Thomas,14,251,30.7,33.4,30.5,32.5,5.7,7
2018,Boy,Tommy,89,68,27.9,30.1,26.5,28.5,4.4,5.6
2018,Boy,Tyler,89,68,26.8,28.5,26.5,28.5,5.6,6.2
2018,Boy,William,33,153,30.9,33.1,31.5,32.5,5.1,5.4
2018,Girl,Abigail,56,83,31.7,35,32.5,34.5,5,6.2
2018,Girl,Ada,72,59,33,34.6,32.5,34,4.5,6
2018,Girl,Aila,84,52,30.2,33,31,32.5,4.6,4.9
2018,Girl,Alice,46,106,31,33.1,31,32.5,5.5,6.5
2018,Girl,Amber,52,92,30.7,32.8,31.5,32.5,5.1,5.8
2018,Girl,Amelia,5,312,28.9,31.5,28.5,30.5,5.9,6.7
2018,Girl,Amelie,75,58,33,35.1,33,35,4.2,5.7
2018,Girl,Anna,22,156,32.7,35.2,32.5,34.5,4.8,5.8
2018,Girl,Aria,9,272,29,31,28.5,31.5,5.6,6.5
2018,Girl,Aurora,95,47,27.8,30.9,28.5,29.5,5.9,6.8
2018,Girl,Ava,7,292,29.5,31.5,30,31.5,6.4,6.5
2018,Girl,Ayla,66,68,28.5,31,28.5,30.5,4.5,5.5
2018,Girl,Bella,69,62,30.3,32,30.5,31.5,6,6
2018,Girl,Bonnie,72,59,29.2,30.9,29.5,31.5,6,5.9
2018,Girl,Brooke,75,58,29.4,31.1,29.5,30.5,5.7,7.4
2018,Girl,Callie,78,56,28.4,30.4,27.5,29.5,3.9,5.3
2018,Girl,Cara,65,69,33.7,36,34.5,35.5,5.1,6.2
2018,Girl,Charlotte,11,246,31.2,33.4,31.5,33.5,5.8,6.9
2018,Girl,Chloe,29,143,32.3,34.7,32.5,34.5,4.7,5.7
2018,Girl,Clara,91,48,33.2,35.5,33.5,35.5,4.6,5.4
2018,Girl,Cora,67,67,33.3,34.7,32.5,33.5,3.6,4.4
2018,Girl,Daisy,49,101,30,32.6,29.5,33,5.6,6.5
2018,Girl,Darcy,81,55,29.8,31.5,30.5,31.5,6.1,6
2018,Girl,Eden,95,47,31.8,32.6,32.5,31.5,4.3,5.6
2018,Girl,Eilidh,19,179,32.4,34.5,32.5,33.5,4.8,5.8
2018,Girl,Ella,6,295,29.8,32,29.5,31.5,5.6,6.3
2018,Girl,Ellie,18,189,28.8,30.6,28.5,29.5,5.6,5.9
2018,Girl,Elsie,68,63,31.8,33.5,32.5,34,5.1,5.4
2018,Girl,Emilia,48,102,30.9,33.5,32,33.5,5.1,6.4
2018,Girl,Emily,2,423,31,33.4,31.5,33.5,5.6,6.5
2018,Girl,Emma,23,152,31.9,34.8,32.5,34.5,5.1,6.6
2018,Girl,Erin,34,124,33.1,35.1,33,34.5,4.6,5.3
2018,Girl,Esme,38,118,31.4,33.4,31.5,33.5,5.4,6.3
2018,Girl,Eva,28,145,30.8,33.6,31.5,33.5,5.3,6.3
2018,Girl,Evie,16,212,30.7,32.4,30.5,32.5,5.2,5.7
2018,Girl,Florence,95,47,32.1,34.3,33.5,34.5,5.3,7.3
2018,Girl,Freya,13,226,30.6,32.9,30.5,32.5,5.4,6.2
2018,Girl,Georgia,27,148,29.9,33,30.5,33.5,5.5,6.2
2018,Girl,Georgie,91,48,29.6,32,29.5,32.5,5,5.2
2018,Girl,Grace,8,286,31,33.5,31.5,33.5,5.2,6.6
2018,Girl,Gracie,61,74,29.9,32.1,29.5,31.5,6.5,6.8
2018,Girl,Hallie,59,77,28.5,30.4,28.5,29.5,4.8,5.3
2018,Girl,Hannah,33,125,32.2,34.5,32.5,34.5,4.6,5.9
2018,Girl,Harper,17,192,27.9,29.8,28.5,29.5,5.1,5.7
2018,Girl,Hollie,63,72,28.7,30.6,28,29.5,5.9,5.5
2018,Girl,Holly,32,127,32.2,34.4,32.5,33.5,4.6,6
2018,Girl,Hope,87,50,29.5,31.4,29.5,31.5,5.9,6.2
2018,Girl,Imogen,64,71,32.5,34.4,32.5,34.5,5.7,5.6
2018,Girl,Iona,56,83,34,36.3,34.5,35.5,5.7,6.9
2018,Girl,Isabella,41,114,31.6,33.8,31.5,34.5,5.6,6.2
2018,Girl,Isla,3,383,31.5,34,31.5,33.5,5,6.1
2018,Girl,Ivy,36,121,30.3,32.6,31.5,32.5,4.9,5.1
2018,Girl,Jessica,10,262,31.2,33.8,31.5,33.5,5,5.8
2018,Girl,Julia,72,59,31.8,33.4,31.5,34.5,5.4,6
2018,Girl,Katie,50,95,31.4,34.1,31.5,33.5,5.3,6.1
2018,Girl,Kayla,89,49,27.7,30.9,28.5,30.5,6.6,8.2
2018,Girl,Layla,38,118,28.6,30.8,28.5,30.5,5.6,6.7
2018,Girl,Leah,58,78,29.4,31.3,30,31.5,5.8,5.9
2018,Girl,Lena,91,48,30.7,33,31.5,33.5,5.5,5.8
2018,Girl,Lexi,84,52,28.7,30.9,27.5,29.5,6.4,7
2018,Girl,Lilly,61,74,27.2,29.2,27,28.5,5.6,7.5
2018,Girl,Lily,15,219,30.4,32.1,30.5,31.5,5.9,6.4
2018,Girl,Lola,83,53,29.2,31,29.5,31,4.8,5.5
2018,Girl,Lucy,14,221,31.5,33.6,31.5,33.5,4.9,5.9
2018,Girl,Luna,82,54,29.6,32.1,30.5,31.5,4.8,5.2
2018,Girl,Maisie,25,151,30.9,33.3,31.5,32.5,5.1,5.9
2018,Girl,Maria,78,56,32.6,35.1,32,34.5,5.1,5.9
2018,Girl,Matilda,77,57,32.3,34.4,32.5,33.5,4.5,6.1
2018,Girl,Maya,47,104,31.1,33.9,31.5,34.5,5.5,6.3
2018,Girl,Mia,20,174,29.5,32.1,29.5,31.5,6.2,7.1
2018,Girl,Mila,37,119,29.2,31.1,29.5,30.5,5.4,5.7
2018,Girl,Millie,21,164,28.6,30.9,28.5,30.5,4.8,5.8
2018,Girl,Molly,54,86,31.7,33.8,31.5,33.5,5.3,5.4
2018,Girl,Niamh,51,94,31.9,33.7,32.5,33.5,5.5,5.3
2018,Girl,Nina,95,47,33.4,36.4,33.5,35.5,3.9,5.5
2018,Girl,Olivia,1,444,29.2,31.1,28.5,30.5,6,6.3
2018,Girl,Orla,31,136,30.4,32.9,30.5,32.5,5.5,6.8
2018,Girl,Penelope,87,50,30.5,32.3,30.5,32.5,4,4.3
2018,Girl,Phoebe,69,62,32.1,34.1,32.5,33.5,5.1,6.6
2018,Girl,Piper,78,56,29.4,31.4,29,31.5,4.4,5.1
2018,Girl,Poppy,30,138,30.2,32.6,29.5,31.5,5.2,6.9
2018,Girl,Quinn,95,47,31.3,34.1,31.5,33.5,5.2,6.9
2018,Girl,Rebecca,86,51,33.3,35.4,33.5,35.5,4.8,4.9
2018,Girl,Robyn,42,109,32.1,33.9,32.5,33.5,5.6,6.2
2018,Girl,Rose,53,89,32.5,34.6,32.5,34.5,6.2,7.1
2018,Girl,Rosie,26,150,30.5,33.1,31.5,33.5,5,6.4
2018,Girl,Rowan,89,49,32.9,35.5,33.5,33.5,5,7.1
2018,Girl,Ruby,23,152,31.4,33.3,32.5,32.5,6,7
2018,Girl,Sadie,91,48,32.5,35.2,33.5,34.5,4,4.5
2018,Girl,Sienna,42,109,30.4,33,30.5,33.5,5.1,6.5
2018,Girl,Skye,44,108,30.9,33.8,31.5,34.5,5.5,6.7
2018,Girl,Sofia,40,117,29.8,33.3,29.5,32.5,5.4,6.6
2018,Girl,Sophia,12,227,29.9,32.2,29.5,31.5,5.9,6.8
2018,Girl,Sophie,4,331,31.1,33.3,30.5,33.5,5,6
2018,Girl,Summer,71,60,29.4,31.9,29.5,32.5,5.3,5.3
2018,Girl,Thea,59,77,30.6,32.9,30.5,33.5,5.5,5.9
2018,Girl,Violet,95,47,31.5,33.1,31.5,33.5,5.2,5.4
2018,Girl,Willow,34,124,31,33.3,31.5,32.5,5.8,6.7
2018,Girl,Zara,44,108,30.2,32.6,30.5,32.5,5.8,6.4
2018,Girl,Zoe,55,84,32.4,35.8,32.5,35.5,5.5,7
2019,Boy,Aaron,36,143,31.2,33.6,31.5,33,5.5,6.5
2019,Boy,Adam,33,151,32.1,34.4,31.5,34.5,4.7,5.8
2019,Boy,Aidan,89,68,31,33.1,31.5,33.5,5.8,7
2019,Boy,Aiden,88,69,30.9,32.5,30.5,32.5,6,6.2
2019,Boy,Alex,95,63,32,34,33.5,33.5,5.6,6.1
2019,Boy,Alexander,11,240,32.1,34.8,32.5,34.5,5.6,7.1
2019,Boy,Alfie,9,261,30,32.9,29.5,32.5,5.9,6.8
2019,Boy,Andrew,49,110,31.9,34.4,32.5,35.5,6.1,7
2019,Boy,Angus,52,104,32.4,35.3,32.5,34.5,4.4,6.5
2019,Boy,Archie,19,204,30.6,33,30.5,32.5,5.3,6
2019,Boy,Arlo,62,94,29.5,31.7,30.5,31.5,5.2,5.8
2019,Boy,Arran,62,94,32.3,33.7,32.5,34,5,6
2019,Boy,Arthur,26,170,30.9,33.4,31.5,32.5,4.8,5.9
2019,Boy,Ben,92,66,33.8,36.1,33.5,35.5,4.9,6.7
2019,Boy,Benjamin,71,88,33.5,35.6,34.5,35.5,5.3,6.3
2019,Boy,Blair,66,91,31.5,33.5,31.5,33.5,5.5,6.8
2019,Boy,Blake,48,111,28.9,30.6,28.5,31.5,5.5,5.9
2019,Boy,Brodie,18,205,30,32.4,30.5,32.5,5.9,6.5
2019,Boy,Caleb,44,115,30.8,33,30.5,32,5.5,6.5
2019,Boy,Callan,99,60,32.3,33.5,33.5,34.5,5,6
2019,Boy,Callum,41,124,32.6,34.1,32.5,34.5,5.5,5.4
2019,Boy,Cameron,37,140,32.3,34.6,33,34.5,4.6,5.7
2019,Boy,Carson,83,77,27.8,30.1,27.5,28.5,5.7,6.8
2019,Boy,Carter,47,112,27.1,29.8,26.5,30,5.6,6
2019,Boy,Charlie,4,306,30,32.6,29.5,31.5,5.4,5.9
2019,Boy,Cody,90,67,27.9,30.5,27.5,29.5,5.8,6.9
2019,Boy,Cole,62,94,29.3,31.3,29.5,30.5,5.1,6
2019,Boy,Connor,70,89,30.1,32.1,30.5,31.5,5,6
2019,Boy,Cooper,76,84,30.3,32.7,30.5,32.5,5.4,5.5
2019,Boy,Daniel,23,186,32.8,35.1,32.5,35.5,5.5,6.8
2019,Boy,David,57,101,31.7,34.4,31.5,34.5,5.3,6.3
2019,Boy,Dylan,66,91,31.8,34.5,31.5,35,5.3,6.3
2019,Boy,Elijah,85,74,27.5,30.6,27.5,30.5,6.4,7
2019,Boy,Elliot,90,67,30.5,32.7,30.5,33.5,5.8,6.3
2019,Boy,Ellis,95,63,32.6,34.7,33.5,34.5,5.2,6.1
2019,Boy,Ethan,28,168,32,34.9,32.5,34.5,5.6,6.5
2019,Boy,Finlay,21,201,31.9,33.9,32.5,33.5,4.9,5.8
2019,Boy,Finn,21,201,33,34.6,32.5,34.5,4.6,5.4
2019,Boy,Fraser,79,80,33.1,35.4,33.5,35.5,5.1,5.7
2019,Boy,Freddie,31,157,29.6,31.8,29.5,31.5,5.3,6.2
2019,Boy,Gabriel,97,61,33.4,35.9,33.5,35.5,5,6.3
2019,Boy,George,39,131,31.8,34.8,32.5,34,5.7,7.5
2019,Boy,Grayson,87,73,28.1,30.7,27.5,30.5,6,6.6
2019,Boy,Hamish,60,97,33.7,36.5,34.5,35.5,4.5,6.5
2019,Boy,Harris,5,304,31.4,33.4,31.5,33.5,4.9,5.7
2019,Boy,Harrison,30,162,29.6,32.4,29.5,32.5,5.8,7
2019,Boy,Harry,15,227,31.1,33.6,31.5,32.5,5.3,6.4
2019,Boy,Henry,92,66,32.6,34.8,33,35,4.2,5.3
2019,Boy,Hunter,27,169,27.3,29.8,26.5,29.5,6.2,7
2019,Boy,Innes,83,77,33,35.2,33.5,35,3.8,4.9
2019,Boy,Isaac,58,100,30,32,30.5,31.5,5.4,5.8
2019,Boy,Jack,1,449,30.8,33.2,30.5,32.5,4.8,5.8
2019,Boy,Jackson,74,85,30.3,31.6,31.5,31.5,6.2,5.9
2019,Boy,Jacob,20,203,29.8,32.5,29.5,32.5,5.5,6.7
2019,Boy,James,3,345,31.1,33.7,31.5,33.5,5.6,7.1
2019,Boy,Jamie,40,129,32.2,34.5,33.5,34.5,5.2,6.1
2019,Boy,Jax,97,61,28.5,30.1,27.5,30,5.1,5.6
2019,Boy,Jaxon,35,146,28.6,31,29,31.5,5.9,7.3
2019,Boy,John,82,79,30.7,32.8,30.5,32.5,5.5,6.6
2019,Boy,Joseph,56,102,32,34.1,32.5,33,4.7,5.8
2019,Boy,Joshua,24,180,31.7,34,31.5,32.5,5.6,7.2
2019,Boy,Jude,51,108,31.8,33.2,31.5,32.5,4.6,5.2
2019,Boy,Kai,71,88,28.3,31,28.5,28.5,5.4,7.6
2019,Boy,Leo,7,278,29.9,31.8,30.5,31.5,5.6,6.2
2019,Boy,Leon,74,85,29.3,32.6,29.5,31.5,6,6.3
2019,Boy,Lewis,6,280,31.7,33.9,31.5,33.5,5.4,6.2
2019,Boy,Liam,38,139,30.6,32.9,30.5,33.5,5.4,6.2
2019,Boy,Logan,13,235,29.8,31.9,30.5,31.5,5.5,6.2
2019,Boy,Louie,66,91,29.5,31.2,30.5,31.5,5.2,6
2019,Boy,Louis,77,82,30.7,33.3,30.5,32.5,5.4,6
2019,Boy,Luca,54,103,30.1,32,30.5,32.5,6.1,6.6
2019,Boy,Lucas,14,229,28.9,30.9,29.5,31.5,6,5.9
2019,Boy,Luke,49,110,30.3,32.2,30.5,32,5.7,6.1
2019,Boy,Mason,28,168,27,29.4,26.5,29,6,6.4
2019,Boy,Matthew,42,122,32.5,34.4,32.5,33.5,5.1,6.6
2019,Boy,Max,12,237,31.7,33.4,31.5,32.5,5.1,5.2
2019,Boy,Michael,73,87,30.9,33.7,30.5,33.5,5.5,6.4
2019,Boy,Muhammad,43,121,31.2,34.9,31.5,34.5,4.9,7.4
2019,Boy,Murray,85,74,31.3,32.7,31.5,32.5,4,4.5
2019,Boy,Nathan,45,114,30.8,32.5,31.5,33.5,5.3,6
2019,Boy,Noah,8,272,30.1,32.4,30.5,32.5,5.9,6.9
2019,Boy,Oliver,2,359,30.5,32.2,30.5,31.5,5.7,6.3
2019,Boy,Ollie,32,153,27.9,30.6,27.5,30.5,5.6,6.3
2019,Boy,Oscar,25,175,29.4,32.5,29.5,31.5,5.8,6.3
2019,Boy,Owen,79,80,32.4,34.4,33.5,34.5,5.4,5.6
2019,Boy,Reuben,79,80,30.8,33.1,30.5,32.5,5.6,6.2
2019,Boy,Riley,52,104,28.3,30.1,27.5,29.5,6.5,6.6
2019,Boy,Robert,65,93,31.6,33.5,31.5,32.5,5.7,6.7
2019,Boy,Rory,10,258,31.5,33,31.5,32.5,4.6,5.4
2019,Boy,Ruairidh,100,59,31.9,34.3,32.5,33.5,4.9,6.2
2019,Boy,Ruaridh,69,90,32.5,34.8,32.5,34.5,4.5,5.7
2019,Boy,Ryan,59,98,31.4,33.3,31.5,32.5,5.3,6.3
2019,Boy,Sam,94,64,33.5,35.7,33,35.5,4.8,5.8
2019,Boy,Samuel,54,103,33.6,35.6,33.5,35.5,4.8,5.2
2019,Boy,Sonny,61,96,31.4,34.5,31.5,34.5,5.3,6.3
2019,Boy,Theo,16,218,30.2,32.3,30.5,32.5,5.7,6.2
2019,Boy,Theodore,78,81,30.8,33.1,30.5,32.5,5.9,6.8
2019,Boy,Thomas,16,218,30.7,33.3,31.5,32.5,5.3,6.4
2019,Boy,Tommy,46,113,28.4,30.8,28.5,30.5,4.7,5.8
2019,Boy,William,34,147,31.2,33.8,31.5,33.5,5.4,6.2
2019,Girl,Abbie,100,44,31.9,34.1,31.5,34,4.7,5.6
2019,Girl,Abigail,65,73,32.7,34.6,32.5,34,4.7,5.1
2019,Girl,Ada,59,77,32.1,33.4,32.5,33.5,4.9,5.2
2019,Girl,Aila,100,44,32,32.9,31.5,33.5,5,5.1
2019,Girl,Ailsa,100,44,33.2,35.5,33.5,34.5,4,4.8
2019,Girl,Alice,54,87,31.6,34,31.5,34.5,4.9,6.4
2019,Girl,Amber,55,86,32.8,34.6,33.5,34.5,5.2,5.8
2019,Girl,Amelia,7,275,29.6,31.4,29.5,31.5,5.8,6.1
2019,Girl,Anna,25,146,33.8,35.4,33.5,34.5,4.5,5.2
2019,Girl,Aoife,100,44,31.8,34.1,32.5,34.5,4.8,6.2
2019,Girl,Aria,15,216,28.7,30.9,28.5,31,5.6,6.1
2019,Girl,Aurora,90,49,28.9,32.3,28.5,31.5,6.3,7.8
2019,Girl,Ava,6,278,29.5,31.8,29.5,31.5,6,6.8
2019,Girl,Ayla,48,93,29.5,31.4,30.5,32.5,5.8,6
2019,Girl,Bella,61,76,29.2,31.5,29.5,30.5,5.1,6.4
2019,Girl,Bonnie,56,82,29.4,31.9,29.5,30.5,4.9,6.9
2019,Girl,Brooke,92,47,30.1,32,29.5,30.5,5.8,7.6
2019,Girl,Callie,67,71,28.6,30.4,28.5,30.5,5.6,5.7
2019,Girl,Cara,96,46,34,35.9,34.5,35.5,5,6.1
2019,Girl,Charlotte,10,243,31.4,33.5,31.5,33.5,5.9,6.8
2019,Girl,Chloe,29,127,32.4,35.5,32.5,34.5,4.9,5.4
2019,Girl,Clara,92,47,32.3,33.9,33.5,34.5,5.5,5.9
2019,Girl,Cora,81,56,32.7,34.2,33.5,33.5,4.5,5.4
2019,Girl,Daisy,38,111,30.6,32.9,30.5,32.5,5.3,6.6
2019,Girl,Darcy,97,45,30.4,32,31.5,31.5,5.4,6.5
2019,Girl,Eilidh,22,162,33.3,35.7,33.5,35.5,4.9,5.9
2019,Girl,Elizabeth,80,57,33.1,36.5,33.5,35.5,4.9,8
2019,Girl,Ella,5,284,29.4,31.9,29.5,31.5,5.6,6.6
2019,Girl,Ellie,13,219,29.6,32.2,29.5,31.5,5.2,6.6
2019,Girl,Elsie,71,65,31.6,33.4,31.5,32.5,5.3,5.7
2019,Girl,Emilia,48,93,31.4,34.1,31.5,33.5,5.3,6.3
2019,Girl,Emily,2,388,30.9,33,30.5,32.5,5.1,5.8
2019,Girl,Emma,34,125,33.6,35.5,33.5,34.5,4.2,5.6
2019,Girl,Erin,45,98,33.3,35.1,33.5,35.5,4.8,5.9
2019,Girl,Esme,43,99,30.6,33,31.5,32.5,5.8,6.8
2019,Girl,Eva,28,137,31,33.4,30.5,33.5,5.9,7
2019,Girl,Eve,78,58,33,35.6,32.5,35.5,5.6,6.6
2019,Girl,Evelyn,91,48,31.6,33.4,32.5,33.5,4.4,4.4
2019,Girl,Evie,21,164,31.1,32.6,30.5,31.5,5.3,6.2
2019,Girl,Florence,82,54,32.5,34.8,33,34.5,5.2,5.7
2019,Girl,Freya,9,260,30.1,32.3,30.5,32.5,5.2,6.1
2019,Girl,Georgia,35,124,31.3,33.9,31.5,33.5,5.1,6.2
2019,Girl,Georgie,82,54,31.2,33.3,32,32.5,4.5,5.7
2019,Girl,Grace,8,272,30.4,32.7,30.5,32.5,5.6,6.5
2019,Girl,Gracie,40,104,29.8,32.6,28.5,31.5,5.6,6.2
2019,Girl,Hallie,46,97,27.9,29.5,27.5,28.5,4.3,5.2
2019,Girl,Hannah,27,140,32.4,34.1,32,33.5,4.8,5.9
2019,Girl,Harley,77,59,30.3,30.6,30.5,30.5,5.7,5.6
2019,Girl,Harper,17,198,28.6,31.2,28.5,30.5,5.3,6.4
2019,Girl,Hollie,59,77,29.9,33.4,29.5,33.5,5,5.8
2019,Girl,Holly,40,104,32.4,34.3,32.5,34.5,4.8,5.7
2019,Girl,Hope,68,69,30,31.4,30.5,32.5,6.3,6.8
2019,Girl,Imogen,78,58,32.9,35.6,33.5,34.5,4.9,6.4
2019,Girl,Iona,70,66,33.1,36,32.5,34.5,4.9,6.4
2019,Girl,Isabella,32,126,32.4,34.8,32,34.5,5.5,6.2
2019,Girl,Isla,3,364,30.9,32.9,31.5,32.5,5.5,6.3
2019,Girl,Ivy,32,126,30.2,32.2,30,32,4.7,5.3
2019,Girl,Jessica,11,223,31.5,33.6,31.5,33.5,5.2,6
2019,Girl,Julia,74,61,32,35.4,31.5,34.5,4.8,6
2019,Girl,Katie,51,91,31.7,34.1,31.5,34.5,5.1,5.9
2019,Girl,Layla,48,93,29.1,31.4,29.5,31.5,5.5,6.2
2019,Girl,Leah,72,63,31,33.1,31.5,33.5,6,6.5
2019,Girl,Lexi,69,67,31.1,32.1,31.5,31.5,5.9,7.2
2019,Girl,Lilly,84,53,28.4,30.9,27.5,31.5,6.8,6.8
2019,Girl,Lily,16,203,30.2,32.4,30.5,32.5,5.4,6.2
2019,Girl,Lola,89,50,28.7,29.4,28,28.5,5.4,5.6
2019,Girl,Lottie,100,44,29.3,32.3,28.5,31.5,5.3,6.4
2019,Girl,Lucie,92,47,30.9,32.4,31.5,31.5,5,5.9
2019,Girl,Lucy,12,222,31.5,33.6,31.5,33.5,5,6.3
2019,Girl,Luna,62,75,29.9,32.3,29.5,31.5,5.6,6.5
2019,Girl,Lyla,100,44,29.4,31.8,30,33.5,5,6.3
2019,Girl,Maisie,26,142,31.8,33.9,32.5,33.5,4.7,5.8
2019,Girl,Maria,100,44,31.5,35.1,31,34.5,7,8.4
2019,Girl,Matilda,85,52,32.9,34.8,33.5,35,4.8,6.3
2019,Girl,Maya,56,82,31.7,33.6,31.5,33.5,5.6,6.6
2019,Girl,Mia,18,179,29.3,31.5,29.5,31.5,6.1,7.3
2019,Girl,Mila,29,127,29,30.7,28.5,30.5,5.5,5.6
2019,Girl,Millie,20,173,29.7,31.6,29.5,31.5,5.4,6.7
2019,Girl,Mirren,85,52,31,32.4,31.5,32.5,5.3,5.3
2019,Girl,Molly,47,95,31.2,33.2,31.5,32.5,4.7,6
2019,Girl,Myla,76,60,27.6,30.1,27.5,29.5,5,6
2019,Girl,Niamh,53,88,31.6,34.2,32.5,33.5,5.3,6.2
2019,Girl,Nova,97,45,28,31,28.5,30.5,5.4,7
2019,Girl,Olivia,1,394,28.8,31.4,28.5,31.5,5.8,6.6
2019,Girl,Orla,29,127,30.4,33.1,30.5,33.5,5.9,7.1
2019,Girl,Penelope,97,45,31.1,32.5,31.5,33.5,4.4,4.2
2019,Girl,Phoebe,85,52,32.5,34.8,32.5,33.5,4.6,6.4
2019,Girl,Poppy,36,122,30.2,32.7,30.5,32.5,5.3,6.4
2019,Girl,Robyn,37,118,32.1,34.4,32.5,33.5,5,6.4
2019,Girl,Rose,64,74,31.9,33.9,32.5,34.5,5.5,6.3
2019,Girl,Rosie,19,178,30.1,32.4,29.5,31.5,5,5.7
2019,Girl,Rowan,88,51,32.7,34.8,32.5,34.5,4.3,5.9
2019,Girl,Ruby,23,159,30.8,33.1,31.5,33.5,5,6
2019,Girl,Sadie,92,47,33,34.6,33.5,34.5,5.6,6
2019,Girl,Scarlett,73,62,29.8,32.1,30,31.5,5.8,6.5
2019,Girl,Sienna,52,90,30.5,33.5,30.5,34.5,6,6.8
2019,Girl,Skye,42,100,31.2,33.1,31.5,32,5.5,6.3
2019,Girl,Sofia,43,99,30.5,32.9,30.5,31.5,5.3,5.9
2019,Girl,Sophia,14,217,30.2,32.5,30.5,31.5,5.6,6.8
2019,Girl,Sophie,4,308,32,33.8,31.5,33.5,5.1,5.9
2019,Girl,Summer,66,72,31.1,32.5,30.5,32.5,4.8,5.6
2019,Girl,Thea,62,75,31.4,33.5,31.5,33.5,4.9,5.6
2019,Girl,Violet,74,61,30.1,32.4,30.5,31.5,5.6,7.3
2019,Girl,Willow,24,153,30.1,32.5,30.5,32.5,5.7,5.9
2019,Girl,Zara,39,109,30.3,34.2,30.5,33,5.7,7.6
2019,Girl,Zoe,58,79,32.4,34.8,32.5,34.5,4.3,6.5
2020,Boy,Aaron,45,107,31.3,33.5,31.5,32.5,5.4,6.4
2020,Boy,Adam,25,151,32.3,35.1,32.5,34.5,5.2,6.5
2020,Boy,Alexander,8,252,31.8,33.9,32.5,33.5,5.7,6.2
2020,Boy,Alfie,13,233,29.8,31.9,29.5,31.5,5.8,6.3
2020,Boy,Andrew,74,76,31.5,33.8,32.5,34.5,6,6.7
2020,Boy,Angus,47,105,32.6,35.1,32.5,34.5,4.6,5.5
2020,Boy,Archie,10,244,30.6,33.1,30.5,32.5,5.4,6.5
2020,Boy,Arlo,44,108,29.1,30.6,28.5,30.5,5.1,5.1
2020,Boy,Arran,52,97,33.4,34.8,33.5,35.5,4.6,5.4
2020,Boy,Arthur,31,133,31.5,34,31.5,32.5,5.1,6.3
2020,Boy,Ben,94,61,33.2,35,34.5,34.5,5.4,5.6
2020,Boy,Benjamin,65,80,33.3,35.4,33.5,35.5,4.8,5.9
2020,Boy,Blair,85,67,31.3,33.2,31.5,32.5,5.3,6
2020,Boy,Blake,42,121,30.2,31.9,30.5,32,6,6.9
2020,Boy,Brodie,17,198,31.2,33.5,31.5,34.5,5.7,6.2
2020,Boy,Brody,98,58,30.7,32,31.5,31.5,5.7,6.9
2020,Boy,Caleb,49,103,29.5,32.7,29.5,32.5,5.5,7
2020,Boy,Callan,97,59,31.5,34.1,31.5,33.5,4.5,6.1
2020,Boy,Callum,40,124,32.8,35.1,33,35.5,5.7,6.4
2020,Boy,Cameron,48,104,32.8,36.1,33.5,36.5,5.2,6.2
2020,Boy,Carter,53,94,27.9,30.4,27.5,30.5,5.5,5.5
2020,Boy,Charlie,12,236,30.7,32.9,30.5,32.5,5.2,6.1
2020,Boy,Cody,84,69,28.5,30.1,28.5,30.5,6.4,6.4
2020,Boy,Cole,64,81,29.6,32.4,29.5,32.5,5.4,6.5
2020,Boy,Connor,69,78,31.6,34,31.5,34.5,6.1,6.6
2020,Boy,Cooper,72,77,31.5,33.7,31.5,33.5,5.4,5.8
2020,Boy,Daniel,27,148,33.3,36.2,34.5,36.5,5.6,6.5
2020,Boy,David,78,74,31.5,33.9,31.5,33.5,5.4,5.9
2020,Boy,Dylan,85,67,31.7,33.6,31.5,34,5.4,6.2
2020,Boy,Elijah,100,56,27.6,29.3,26.5,28.5,6,6.1
2020,Boy,Elliot,99,57,29.9,32.4,28.5,30,5.6,6.6
2020,Boy,Ellis,88,64,32.4,34.1,32.5,33.5,5.1,6.1
2020,Boy,Ethan,36,126,32,35.2,32.5,34.5,5.3,6.6
2020,Boy,Finlay,9,247,32,33.7,32.5,33.5,5.1,5.6
2020,Boy,Finley,88,64,28.5,30.6,27.5,29.5,5.5,6.5
2020,Boy,Finn,16,213,32.2,34.2,32.5,33.5,5,5.7
2020,Boy,Frankie,94,61,30.4,31.6,30.5,31.5,5,5.1
2020,Boy,Fraser,59,85,33.4,35.1,33.5,34.5,4.4,5.5
2020,Boy,Freddie,23,170,29.7,31.2,29.5,30.5,4.9,5.2
2020,Boy,George,53,94,30.4,32.4,30.5,31.5,5.3,6.9
2020,Boy,Grayson,67,79,28.8,31.2,30.5,32.5,5.8,7.3
2020,Boy,Hamish,61,84,34,34.8,34,33.5,4.9,5.9
2020,Boy,Harris,6,268,31.7,33.7,31.5,33.5,5.4,6.2
2020,Boy,Harrison,35,128,30,31.9,29.5,31.5,6.3,7
2020,Boy,Harry,24,166,31.6,33.6,31.5,33.5,5.4,6
2020,Boy,Hunter,39,125,28.4,31.1,28.5,31.5,6,7.3
2020,Boy,Innes,83,70,33.3,34.8,33.5,34.5,4,4.7
2020,Boy,Isaac,63,83,29.9,32.1,29.5,31.5,4.8,6.3
2020,Boy,Jack,1,354,31.6,33.4,31.5,33.5,5.1,5.7
2020,Boy,Jackson,80,71,29,30.8,29.5,31.5,4.5,5
2020,Boy,Jacob,20,186,29.5,31.7,29.5,31.5,5.6,6.1
2020,Boy,James,3,292,31.5,33.7,31.5,33.5,5.8,6.4
2020,Boy,Jamie,46,106,31.5,32.5,31.5,32.5,5.9,5.9
2020,Boy,Jaxon,51,98,28.1,29.6,27.5,29.5,5.4,5.3
2020,Boy,Joey,85,67,30.2,31.9,30.5,31.5,4.9,5.2
2020,Boy,John,92,62,29.9,33.1,29.5,33,6.1,7.5
2020,Boy,Joseph,69,78,31.9,34.5,32,34.5,5.1,6.6
2020,Boy,Joshua,29,137,31.6,33.3,31.5,33.5,5.2,6.1
2020,Boy,Jude,36,126,32,34,31.5,33,5.2,6.2
2020,Boy,Kai,58,87,29.7,31.6,28.5,31.5,6.4,6.6
2020,Boy,Leo,4,274,30.3,32.5,30.5,32.5,5.6,6.6
2020,Boy,Leon,74,76,30.3,33.1,30.5,33.5,5.9,7.3
2020,Boy,Lewis,15,224,31.1,33.3,31.5,33.5,5,6.1
2020,Boy,Liam,34,129,31.1,33.4,31.5,33.5,5.6,6.5
2020,Boy,Logan,21,178,30.6,33.2,30.5,32.5,5.5,7
2020,Boy,Louie,69,78,29.5,31.8,30,31.5,5.3,6.1
2020,Boy,Louis,74,76,32.6,35.3,32.5,34,5.9,7.5
2020,Boy,Luca,43,114,30.7,32.6,30.5,32.5,5.3,6.4
2020,Boy,Lucas,11,240,29.7,31.5,30.5,31.5,5.9,6.4
2020,Boy,Luke,41,122,31.6,33.6,31.5,32.5,5.7,6.6
2020,Boy,Mason,19,193,28.2,30.8,27.5,29.5,5.7,6.6
2020,Boy,Matthew,55,90,34.1,36.3,34.5,35.5,5.2,6.4
2020,Boy,Max,21,178,31.5,34.1,31.5,33.5,4.5,5
2020,Boy,Michael,65,80,29.8,32.4,30,32.5,5.7,6.6
2020,Boy,Muhammad,31,133,31.2,35.3,31.5,35,5.2,6.9
2020,Boy,Murray,79,73,31.9,34,32.5,34.5,4.6,5.3
2020,Boy,Myles,92,62,28.7,30.8,29,30.5,5.5,6.5
2020,Boy,Nathan,61,84,31.4,33.6,31.5,33.5,5.2,5.3
2020,Boy,Noah,2,299,29.2,31.1,29.5,30.5,6.2,6.8
2020,Boy,Oliver,4,274,30.2,32.4,30.5,31.5,5.2,6.3
2020,Boy,Ollie,25,151,28.7,31.2,28.5,30.5,5.3,6.8
2020,Boy,Oscar,30,136,29.9,32.3,29.5,32.5,6.3,7.1
2020,Boy,Owen,77,75,32.8,34.2,33.5,33.5,4.7,5.4
2020,Boy,Reuben,55,90,29.3,31.5,29.5,32.5,5.3,5.2
2020,Boy,Riley,67,79,28.1,29.5,29.5,29.5,5.5,5.1
2020,Boy,Robbie,96,60,30.4,32.4,29.5,32.5,5.2,6.5
2020,Boy,Robert,80,71,32.4,35,32.5,35.5,5.1,6.3
2020,Boy,Roman,33,130,29,31.6,28.5,31.5,5.3,6.2
2020,Boy,Rory,7,258,32,34,32.5,33.5,4.5,5.3
2020,Boy,Ruairidh,91,63,32,32.5,31.5,32.5,5,6.4
2020,Boy,Ruaridh,72,77,31.1,32.8,31.5,32.5,4.4,4.7
2020,Boy,Ryan,59,85,31.2,34.6,30.5,33.5,5.3,7.8
2020,Boy,Samuel,80,71,33.7,36.4,33.5,36.5,4.9,5.1
2020,Boy,Sonny,55,90,31,33.8,30.5,33.5,5.3,5.4
2020,Boy,Teddy,88,64,30.3,32.1,29.5,31.5,5.1,5.3
2020,Boy,Theo,14,232,30.3,32,30.5,31.5,5.7,6.1
2020,Boy,Theodore,50,99,29.9,32.1,29.5,31.5,5.8,7.1
2020,Boy,Thomas,17,198,31.1,33.5,30.5,32.5,5.5,6.1
2020,Boy,Tommy,27,148,27.9,30.3,26.5,29.5,5.3,6.2
2020,Boy,William,36,126,31.6,33.1,32,33.5,5.6,6.2
2020,Girl,Abbie,98,43,33,35.8,33.5,35,4.9,6.9
2020,Girl,Abigail,69,63,32,34.4,32.5,33.5,4.5,5.3
2020,Girl,Ada,47,88,32,33.6,32.5,33.5,4.9,6
2020,Girl,Aila,96,44,32.8,33.5,32.5,33,4.5,5.7
2020,Girl,Alba,86,50,32.4,34.3,32.5,35,4.7,4.9
2020,Girl,Alice,53,82,31.9,33.9,31.5,33.5,4.4,5
2020,Girl,Amber,50,87,31,32.7,30.5,32,4.5,5.8
2020,Girl,Amelia,9,254,29,31.1,29,31.5,5.6,6.1
2020,Girl,Anna,41,97,33.6,36,33.5,35.5,4,5.6
2020,Girl,Arabella,100,42,29.2,30.5,28.5,30.5,5.1,5.5
2020,Girl,Aria,19,161,29,31.7,28.5,31.5,6.5,7.1
2020,Girl,Aurora,90,49,29.5,31.4,29.5,30.5,5.3,6.2
2020,Girl,Autumn,98,43,30.1,32.4,30.5,33.5,5.2,5.9
2020,Girl,Ava,5,276,30.2,32.8,30.5,32.5,6,7
2020,Girl,Ayda,91,48,30.9,32.1,30.5,32.5,4.5,4.4
2020,Girl,Ayla,43,96,29.3,31.8,29.5,31.5,5.2,6.5
2020,Girl,Bella,69,63,30.2,32.1,29.5,32.5,6,7.1
2020,Girl,Bonnie,34,107,30.1,32.6,29.5,32.5,5,6.3
2020,Girl,Callie,67,64,29,31.5,28.5,31.5,4.7,5.6
2020,Girl,Charlotte,12,183,32,34.7,32.5,34.5,5.5,7
2020,Girl,Chloe,35,106,32.8,35,32.5,34.5,3.7,4.6
2020,Girl,Cora,67,64,32.6,34.5,32.5,34.5,5.1,4.7
2020,Girl,Daisy,38,104,29.9,32.9,29,31.5,5.1,6.9
2020,Girl,Eden,76,56,30.6,32.5,30,32,4.7,5.7
2020,Girl,Eilidh,24,141,32.4,34.5,32.5,33.5,4.3,5.4
2020,Girl,Elizabeth,86,50,32.1,34.5,32,33.5,6.2,7
2020,Girl,Ella,7,267,29.9,31.8,29.5,31.5,5.2,6.3
2020,Girl,Ellie,19,161,30,32,30.5,31,5.3,5.8
2020,Girl,Elsie,52,83,31.3,33.1,31.5,32.5,5.1,5.2
2020,Girl,Emilia,45,89,30.8,33.2,31.5,32.5,4.8,6.3
2020,Girl,Emily,3,300,31.8,34.2,32.5,33.5,5.3,6.3
2020,Girl,Emma,44,93,32.6,35.2,32.5,35.5,4.7,6
2020,Girl,Erin,31,110,32.6,35,32.5,34.5,4,5
2020,Girl,Esme,58,77,30.6,33.8,31.5,33.5,5.5,7
2020,Girl,Eva,41,97,31.5,34.2,31.5,34.5,5.4,6.4
2020,Girl,Eve,96,44,32,33,31.5,32.5,5.1,6.1
2020,Girl,Evie,13,180,30.4,32.8,30.5,32.5,5.3,6.6
2020,Girl,Faith,100,42,31.2,33.6,32,33.5,6.7,8
2020,Girl,Florence,94,46,32,35,32.5,34.5,5,5.7
2020,Girl,Freya,4,284,31,32.8,30.5,32.5,5.9,6.2
2020,Girl,Georgia,33,108,32.1,33.4,32.5,33.5,5.2,5.5
2020,Girl,Grace,8,261,30.4,32.6,30.5,32.5,5.6,6.5
2020,Girl,Gracie,54,81,31.2,33.4,31.5,34,6.1,7.5
2020,Girl,Hallie,40,100,28.9,29.9,28.5,29.5,4.7,5.1
2020,Girl,Hannah,22,152,32.3,34.3,32.5,33.5,4.5,6
2020,Girl,Harley,80,55,27.2,30.1,26.5,30.5,6,7.1
2020,Girl,Harper,21,158,29.3,31.5,28.5,30.5,5.8,6.5
2020,Girl,Hollie,100,42,30,32.9,30.5,32.5,5.1,6.5
2020,Girl,Holly,47,88,31,33.7,31.5,33.5,4.3,5.6
2020,Girl,Hope,81,54,30.8,33.3,32,32.5,6,7
2020,Girl,Imogen,74,58,33.2,35.2,33.5,35.5,4.6,4.5
2020,Girl,Indie,91,48,30.5,32.6,30.5,32.5,5,5.7
2020,Girl,Iona,63,67,33.5,36,34.5,36.5,5.1,6
2020,Girl,Isabella,39,102,31.1,32.5,31.5,32.5,6,6.2
2020,Girl,Isla,1,347,31.4,33.7,31.5,33.5,5.4,6
2020,Girl,Ivy,27,130,29.7,32.3,29.5,32.5,4.8,5.8
2020,Girl,Jessica,18,168,31.5,33.9,31.5,33.5,4.8,6.5
2020,Girl,Katie,75,57,32.2,33.9,32.5,34.5,4.9,5.2
2020,Girl,Layla,29,115,28.5,30.8,27.5,30.5,5.3,5.4
2020,Girl,Lexi,66,66,29.2,32.8,29.5,31,5.8,8.2
2020,Girl,Lilly,69,63,28.3,31.7,28.5,30.5,6,8.8
2020,Girl,Lily,10,208,29.9,32.1,30.5,31.5,5.5,6.6
2020,Girl,Lottie,69,63,29.7,32.9,29.5,32,5.2,5.3
2020,Girl,Lucie,84,52,30.6,32.5,31.5,31.5,4.7,5.3
2020,Girl,Lucy,23,148,32.9,34.5,33.5,33.5,5.1,6.3
2020,Girl,Luna,61,70,29.8,31.7,29.5,30.5,4.8,5.7
2020,Girl,Maeve,86,50,29.6,32.4,29.5,32.5,5.2,6.6
2020,Girl,Maisie,15,176,31.4,33.2,32.5,33.5,5.3,6.3
2020,Girl,Matilda,100,42,33.5,35.9,34,34.5,4.6,5.5
2020,Girl,Maya,31,110,31,33.3,30.5,32.5,5.9,7.2
2020,Girl,Mia,17,170,29.9,31.9,30,31.5,5.8,5.8
2020,Girl,Mila,36,105,29.8,32.6,30.5,32.5,5,6.2
2020,Girl,Millie,14,178,29.4,32.2,29.5,31.5,5.4,6.2
2020,Girl,Mirren,81,54,31.3,33.4,30.5,32.5,4.8,5.3
2020,Girl,Mollie,73,61,30.7,33.6,31.5,33.5,4.6,5.9
2020,Girl,Molly,47,88,31.4,33.4,31.5,33.5,4.6,4.9
2020,Girl,Myla,76,56,29,31.6,28.5,31.5,4.8,5.3
2020,Girl,Niamh,57,78,31.8,33.7,32,34.5,5.1,5.4
2020,Girl,Nina,86,50,33.6,36.4,34.5,35.5,4.8,5.8
2020,Girl,Olivia,2,334,29.5,31.8,29.5,31.5,6,6.5
2020,Girl,Orla,29,115,30.7,32.3,30.5,32.5,5.2,5.5
2020,Girl,Phoebe,83,53,32.7,34.3,33.5,34.5,5.1,6.4
2020,Girl,Piper,91,48,30.2,33.1,29.5,32.5,4,5
2020,Girl,Poppy,36,105,30.6,31.8,30.5,31.5,5.8,6
2020,Girl,Quinn,84,52,33,35.1,33.5,33.5,4.8,6.1
2020,Girl,Rebecca,100,42,34.2,37.1,34.5,36.5,5.3,5.3
2020,Girl,Remi,76,56,29.8,32.8,30.5,31.5,5,6.5
2020,Girl,Robyn,45,89,32.2,33.6,32.5,33.5,4.1,4.2
2020,Girl,Rosa,95,45,33.1,35.9,34.5,34.5,4.4,6
2020,Girl,Rose,55,80,32.5,34.9,32.5,35.5,4.7,6.4
2020,Girl,Rosie,16,171,30.8,33.2,30.5,33.5,4.5,6.1
2020,Girl,Ruby,26,132,30.2,32.6,30.5,31.5,5.6,6.4
2020,Girl,Scarlett,76,56,30.2,33.8,31.5,32.5,6.7,8.4
2020,Girl,Sienna,50,87,31.6,33.8,31.5,34.5,5.7,6.5
2020,Girl,Skye,55,80,31.6,34.4,32,34,5.6,7
2020,Girl,Sofia,25,139,30.8,33.2,30.5,32.5,5.9,6.6
2020,Girl,Sophia,11,201,31.2,33.5,31.5,32.5,5.5,6.9
2020,Girl,Sophie,6,275,32.1,34.5,32.5,34.5,4.7,5.8
2020,Girl,Summer,63,67,30.4,34.4,29.5,32.5,5.2,8.1
2020,Girl,Thea,63,67,31,32.9,30.5,31.5,4.4,5.8
2020,Girl,Violet,60,71,30.7,32,31.5,31.5,5.5,6.6
2020,Girl,Willow,28,129,30.8,33.3,30.5,32.5,6.1,6.6
2020,Girl,Zara,62,69,30.6,32.5,30.5,32.5,5.8,6.3
2020,Girl,Zoe,59,73,32,33.8,31.5,34.5,4.8,4.9
,,,,,,,,,,
,,,,,,,,,,
Footnotes,,,,,,,,,,
"1. Some mother's and fathers' ages are unavailable. This means that calculations on these statistics are not wholly representative of all mothers and fathers. In 2016-2020, mother's age was missing from 0.1% of birth certificates",,,,,,,,,,
"Fathers age was missing from 3.82% of birth certificates. Fathers age can be missing because the fathers details were not on the birth certificate, or because their age was not known to the person registering the birth",,,,,,,,,,
2. Meaning of each variable,,,,,,,,,,
year = Year the birth was registered in.,,,,,,,,,,
sex = Sex of the baby,,,,,,,,,,
firstname = First name of the baby.,,,,,,,,,,
ranking = Where this baby name ranked by popularity by year and sex.,,,,,,,,,,
frequency = How many babies had this name by year and sex.,,,,,,,,,,
mother_age_mean = The total sum of all mother's ages by firstname and year divided by the number of mothers by firstname and year.,,,,,,,,,,
father_age_mean = The total sum of all father's ages by firstname and year divided by the number of fathers by firstname and year.,,,,,,,,,,
"mother_age_median = The 50th percentile in the age range of mothers by firstname. The exact ""midpoint"" in the age range.",,,,,,,,,,
"father_age_median = The 50th percentile in the age range of fathers by firstname. The exact ""midpoint"" in the age range.",,,,,,,,,,
mother_age_stdev = standard deviation in the age range of mothers by firstname and year.,,,,,,,,,,
father_age_stdev = standard deviation in the age range of fathers by firstname and year.,,,,,,,,,,
,,,,,,,,,,
 Crown Copyright 2021,,,,,,,,,,
